{
    "accuracy": 0.6660240963855422,
    "precision": 0.7747440273037542,
    "recall": 0.44729064039408867,
    "auc": 0.7216358397620598
}